[{"model": "admin.logentry", "pk": 1, "fields": {"action_time": "2023-10-03T10:51:47.435Z", "user": 1, "content_type": 7, "object_id": "1", "object_repr": "Amal K", "action_flag": 1, "change_message": "[{\"added\": {}}]"}}, {"model": "admin.logentry", "pk": 2, "fields": {"action_time": "2023-10-04T10:15:34.460Z", "user": 1, "content_type": 9, "object_id": "4", "object_repr": "Hello", "action_flag": 3, "change_message": ""}}, {"model": "admin.logentry", "pk": 3, "fields": {"action_time": "2023-10-04T10:15:34.468Z", "user": 1, "content_type": 9, "object_id": "3", "object_repr": "Hello", "action_flag": 3, "change_message": ""}}, {"model": "admin.logentry", "pk": 4, "fields": {"action_time": "2023-10-04T10:15:34.473Z", "user": 1, "content_type": 9, "object_id": "2", "object_repr": "Hello", "action_flag": 3, "change_message": ""}}, {"model": "admin.logentry", "pk": 5, "fields": {"action_time": "2023-10-04T10:15:34.479Z", "user": 1, "content_type": 9, "object_id": "1", "object_repr": "Hello", "action_flag": 3, "change_message": ""}}, {"model": "admin.logentry", "pk": 6, "fields": {"action_time": "2023-10-04T10:38:45.322Z", "user": 1, "content_type": 9, "object_id": "15", "object_repr": "Hello", "action_flag": 3, "change_message": ""}}, {"model": "admin.logentry", "pk": 7, "fields": {"action_time": "2023-10-04T10:38:45.329Z", "user": 1, "content_type": 9, "object_id": "14", "object_repr": "Hello", "action_flag": 3, "change_message": ""}}, {"model": "admin.logentry", "pk": 8, "fields": {"action_time": "2023-10-04T10:38:45.334Z", "user": 1, "content_type": 9, "object_id": "13", "object_repr": "Hello", "action_flag": 3, "change_message": ""}}, {"model": "admin.logentry", "pk": 9, "fields": {"action_time": "2023-10-04T10:38:45.339Z", "user": 1, "content_type": 9, "object_id": "12", "object_repr": "Hello", "action_flag": 3, "change_message": ""}}, {"model": "admin.logentry", "pk": 10, "fields": {"action_time": "2023-10-04T10:38:45.344Z", "user": 1, "content_type": 9, "object_id": "11", "object_repr": "Hello", "action_flag": 3, "change_message": ""}}, {"model": "admin.logentry", "pk": 11, "fields": {"action_time": "2023-10-04T10:38:45.349Z", "user": 1, "content_type": 9, "object_id": "10", "object_repr": "Hello", "action_flag": 3, "change_message": ""}}, {"model": "admin.logentry", "pk": 12, "fields": {"action_time": "2023-10-04T10:38:45.355Z", "user": 1, "content_type": 9, "object_id": "9", "object_repr": "Hello", "action_flag": 3, "change_message": ""}}, {"model": "admin.logentry", "pk": 13, "fields": {"action_time": "2023-10-04T10:38:45.359Z", "user": 1, "content_type": 9, "object_id": "8", "object_repr": "Hello", "action_flag": 3, "change_message": ""}}, {"model": "admin.logentry", "pk": 14, "fields": {"action_time": "2023-10-04T10:38:45.364Z", "user": 1, "content_type": 9, "object_id": "7", "object_repr": "Artificial Intelligence is taking over human worksource.", "action_flag": 3, "change_message": ""}}, {"model": "admin.logentry", "pk": 15, "fields": {"action_time": "2023-10-04T10:38:45.369Z", "user": 1, "content_type": 9, "object_id": "6", "object_repr": "Artificial Intelligence is taking over human worksource.", "action_flag": 3, "change_message": ""}}, {"model": "admin.logentry", "pk": 16, "fields": {"action_time": "2023-10-04T10:39:07.218Z", "user": 1, "content_type": 4, "object_id": "5", "object_repr": "ASCVadvc", "action_flag": 3, "change_message": ""}}, {"model": "admin.logentry", "pk": 17, "fields": {"action_time": "2023-10-04T10:39:07.230Z", "user": 1, "content_type": 4, "object_id": "2", "object_repr": "aabbccdd", "action_flag": 3, "change_message": ""}}, {"model": "admin.logentry", "pk": 18, "fields": {"action_time": "2023-10-04T10:39:07.236Z", "user": 1, "content_type": 4, "object_id": "7", "object_repr": "amaknil@example.com", "action_flag": 3, "change_message": ""}}, {"model": "admin.logentry", "pk": 19, "fields": {"action_time": "2023-10-04T10:39:07.242Z", "user": 1, "content_type": 4, "object_id": "3", "object_repr": "amalkanilkolakot@gmail.com", "action_flag": 3, "change_message": ""}}, {"model": "admin.logentry", "pk": 20, "fields": {"action_time": "2023-10-04T10:39:07.248Z", "user": 1, "content_type": 4, "object_id": "4", "object_repr": "amanzaynlm10@gmail.com", "action_flag": 3, "change_message": ""}}, {"model": "admin.logentry", "pk": 21, "fields": {"action_time": "2023-10-04T10:39:07.253Z", "user": 1, "content_type": 4, "object_id": "6", "object_repr": "avgcf@example.com", "action_flag": 3, "change_message": ""}}, {"model": "admin.logentry", "pk": 22, "fields": {"action_time": "2023-10-04T10:50:50.357Z", "user": 1, "content_type": 4, "object_id": "9", "object_repr": "Georgec", "action_flag": 3, "change_message": ""}}, {"model": "admin.logentry", "pk": 23, "fields": {"action_time": "2023-10-04T10:50:50.365Z", "user": 1, "content_type": 4, "object_id": "10", "object_repr": "aassddf", "action_flag": 3, "change_message": ""}}, {"model": "admin.logentry", "pk": 24, "fields": {"action_time": "2023-10-04T11:00:24.982Z", "user": 1, "content_type": 9, "object_id": "16", "object_repr": "Could artificial intelligence potentially leading to catastrophic consequences ?", "action_flag": 2, "change_message": "[{\"changed\": {\"fields\": [\"Short description\"]}}]"}}, {"model": "admin.logentry", "pk": 25, "fields": {"action_time": "2023-10-04T11:30:40.735Z", "user": 1, "content_type": 9, "object_id": "26", "object_repr": "The Accumulating Business Cost of Malicious Bot Automation", "action_flag": 2, "change_message": "[{\"changed\": {\"fields\": [\"Short description\", \"Featured image\"]}}]"}}, {"model": "admin.logentry", "pk": 26, "fields": {"action_time": "2023-10-04T12:19:37.363Z", "user": 1, "content_type": 9, "object_id": "33", "object_repr": "AI Image Generators in Product Photography", "action_flag": 1, "change_message": "[{\"added\": {}}]"}}, {"model": "admin.logentry", "pk": 27, "fields": {"action_time": "2023-10-04T12:20:55.768Z", "user": 1, "content_type": 9, "object_id": "34", "object_repr": "Elevating E-commerce Success with AI-Powered Image Enhancement", "action_flag": 1, "change_message": "[{\"added\": {}}]"}}, {"model": "admin.logentry", "pk": 28, "fields": {"action_time": "2023-10-04T12:23:12.051Z", "user": 1, "content_type": 9, "object_id": "35", "object_repr": "Personalized Recommendations - A Revenue Goldmine", "action_flag": 1, "change_message": "[{\"added\": {}}]"}}, {"model": "admin.logentry", "pk": 29, "fields": {"action_time": "2023-10-04T12:24:49.397Z", "user": 1, "content_type": 9, "object_id": "36", "object_repr": "Google's SynthID Watermarking Tool: A Powerful Defense Against AI-Generated Image Misinformation", "action_flag": 1, "change_message": "[{\"added\": {}}]"}}, {"model": "admin.logentry", "pk": 30, "fields": {"action_time": "2023-10-04T12:26:20.163Z", "user": 1, "content_type": 9, "object_id": "37", "object_repr": "Deepfake Concerns - A Threat to Truth and Unity", "action_flag": 1, "change_message": "[{\"added\": {}}]"}}, {"model": "admin.logentry", "pk": 31, "fields": {"action_time": "2023-10-04T12:28:09.913Z", "user": 1, "content_type": 9, "object_id": "38", "object_repr": "The Impact of AI on the Print Industry - A Revolution in the Making", "action_flag": 1, "change_message": "[{\"added\": {}}]"}}, {"model": "auth.permission", "pk": 1, "fields": {"name": "Can add log entry", "content_type": 1, "codename": "add_logentry"}}, {"model": "auth.permission", "pk": 2, "fields": {"name": "Can change log entry", "content_type": 1, "codename": "change_logentry"}}, {"model": "auth.permission", "pk": 3, "fields": {"name": "Can delete log entry", "content_type": 1, "codename": "delete_logentry"}}, {"model": "auth.permission", "pk": 4, "fields": {"name": "Can view log entry", "content_type": 1, "codename": "view_logentry"}}, {"model": "auth.permission", "pk": 5, "fields": {"name": "Can add permission", "content_type": 2, "codename": "add_permission"}}, {"model": "auth.permission", "pk": 6, "fields": {"name": "Can change permission", "content_type": 2, "codename": "change_permission"}}, {"model": "auth.permission", "pk": 7, "fields": {"name": "Can delete permission", "content_type": 2, "codename": "delete_permission"}}, {"model": "auth.permission", "pk": 8, "fields": {"name": "Can view permission", "content_type": 2, "codename": "view_permission"}}, {"model": "auth.permission", "pk": 9, "fields": {"name": "Can add group", "content_type": 3, "codename": "add_group"}}, {"model": "auth.permission", "pk": 10, "fields": {"name": "Can change group", "content_type": 3, "codename": "change_group"}}, {"model": "auth.permission", "pk": 11, "fields": {"name": "Can delete group", "content_type": 3, "codename": "delete_group"}}, {"model": "auth.permission", "pk": 12, "fields": {"name": "Can view group", "content_type": 3, "codename": "view_group"}}, {"model": "auth.permission", "pk": 13, "fields": {"name": "Can add user", "content_type": 4, "codename": "add_user"}}, {"model": "auth.permission", "pk": 14, "fields": {"name": "Can change user", "content_type": 4, "codename": "change_user"}}, {"model": "auth.permission", "pk": 15, "fields": {"name": "Can delete user", "content_type": 4, "codename": "delete_user"}}, {"model": "auth.permission", "pk": 16, "fields": {"name": "Can view user", "content_type": 4, "codename": "view_user"}}, {"model": "auth.permission", "pk": 17, "fields": {"name": "Can add content type", "content_type": 5, "codename": "add_contenttype"}}, {"model": "auth.permission", "pk": 18, "fields": {"name": "Can change content type", "content_type": 5, "codename": "change_contenttype"}}, {"model": "auth.permission", "pk": 19, "fields": {"name": "Can delete content type", "content_type": 5, "codename": "delete_contenttype"}}, {"model": "auth.permission", "pk": 20, "fields": {"name": "Can view content type", "content_type": 5, "codename": "view_contenttype"}}, {"model": "auth.permission", "pk": 21, "fields": {"name": "Can add session", "content_type": 6, "codename": "add_session"}}, {"model": "auth.permission", "pk": 22, "fields": {"name": "Can change session", "content_type": 6, "codename": "change_session"}}, {"model": "auth.permission", "pk": 23, "fields": {"name": "Can delete session", "content_type": 6, "codename": "delete_session"}}, {"model": "auth.permission", "pk": 24, "fields": {"name": "Can view session", "content_type": 6, "codename": "view_session"}}, {"model": "auth.permission", "pk": 25, "fields": {"name": "Can add author", "content_type": 7, "codename": "add_author"}}, {"model": "auth.permission", "pk": 26, "fields": {"name": "Can change author", "content_type": 7, "codename": "change_author"}}, {"model": "auth.permission", "pk": 27, "fields": {"name": "Can delete author", "content_type": 7, "codename": "delete_author"}}, {"model": "auth.permission", "pk": 28, "fields": {"name": "Can view author", "content_type": 7, "codename": "view_author"}}, {"model": "auth.permission", "pk": 29, "fields": {"name": "Can add category", "content_type": 8, "codename": "add_category"}}, {"model": "auth.permission", "pk": 30, "fields": {"name": "Can change category", "content_type": 8, "codename": "change_category"}}, {"model": "auth.permission", "pk": 31, "fields": {"name": "Can delete category", "content_type": 8, "codename": "delete_category"}}, {"model": "auth.permission", "pk": 32, "fields": {"name": "Can view category", "content_type": 8, "codename": "view_category"}}, {"model": "auth.permission", "pk": 33, "fields": {"name": "Can add post", "content_type": 9, "codename": "add_post"}}, {"model": "auth.permission", "pk": 34, "fields": {"name": "Can change post", "content_type": 9, "codename": "change_post"}}, {"model": "auth.permission", "pk": 35, "fields": {"name": "Can delete post", "content_type": 9, "codename": "delete_post"}}, {"model": "auth.permission", "pk": 36, "fields": {"name": "Can view post", "content_type": 9, "codename": "view_post"}}, {"model": "auth.user", "pk": 1, "fields": {"password": "pbkdf2_sha256$600000$QOZeHtIk74O2HedIyVK55p$GA8UwZpjCDFYc5YqZ1Tajw6wphVaRtWTxsN17Ze1R7Y=", "last_login": "2023-10-09T10:57:19.283Z", "is_superuser": true, "username": "amalk", "first_name": "", "last_name": "", "email": "", "is_staff": true, "is_active": true, "date_joined": "2023-09-20T11:37:16.816Z", "groups": [], "user_permissions": []}}, {"model": "auth.user", "pk": 8, "fields": {"password": "pbkdf2_sha256$600000$445T0xBn3ImB8vLXlQI0F2$blizL6Mf8kancCUMBgXucgTX/Qaod58VXXzM07ytoOw=", "last_login": "2023-10-04T11:31:14.562Z", "is_superuser": false, "username": "George", "first_name": "George", "last_name": "clooney", "email": "gclooney@example.com", "is_staff": false, "is_active": true, "date_joined": "2023-10-04T10:41:09.970Z", "groups": [], "user_permissions": []}}, {"model": "auth.user", "pk": 11, "fields": {"password": "pbkdf2_sha256$600000$gSrEhho3ATWFARjSgFwS78$bnc+Xy38i5LRPbX8HCO2kdFPKReKxaSR89Y9F80dy4g=", "last_login": "2023-10-04T11:46:26.638Z", "is_superuser": false, "username": "ichigoisshin", "first_name": "Ichigo", "last_name": "Kurosaki", "email": "ichi@example.com", "is_staff": false, "is_active": true, "date_joined": "2023-10-04T11:01:29.731Z", "groups": [], "user_permissions": []}}, {"model": "auth.user", "pk": 12, "fields": {"password": "pbkdf2_sha256$600000$fMdBNbb3txZb9DopKovGuD$+LcczRvQKAjRe89X6fKAAABz7/mWHbRImZwYL1GRcCo=", "last_login": "2023-10-04T11:49:57.220Z", "is_superuser": false, "username": "kenpachi", "first_name": "kenpachi", "last_name": "zaraki", "email": "ken@example.com", "is_staff": false, "is_active": true, "date_joined": "2023-10-04T11:13:54.124Z", "groups": [], "user_permissions": []}}, {"model": "auth.user", "pk": 13, "fields": {"password": "pbkdf2_sha256$600000$MpFDIYO9QQnK8Ua5gHLjoP$S/NZ1/bRnRlrs4tGcEDeKbfeD8CAQEMCPOjf5gAd3qU=", "last_login": "2023-10-04T11:19:39.014Z", "is_superuser": false, "username": "yamaji", "first_name": "yamamoto", "last_name": "p", "email": "yama@example.com", "is_staff": false, "is_active": true, "date_joined": "2023-10-04T11:19:37.891Z", "groups": [], "user_permissions": []}}, {"model": "auth.user", "pk": 14, "fields": {"password": "pbkdf2_sha256$600000$5FmuDtFsKyDRw8NDauO1sc$pDKYIRv+tnmssPtZtI5ANB5VSgDzrK/mN56Kf1UrtZk=", "last_login": "2023-10-04T11:26:06.718Z", "is_superuser": false, "username": "rukiakuchiki", "first_name": "Rukia", "last_name": "kuchiki", "email": "kuch@example.com", "is_staff": false, "is_active": true, "date_joined": "2023-10-04T11:26:05.591Z", "groups": [], "user_permissions": []}}, {"model": "sessions.session", "pk": "14y2alg5r7k7ylcleqjtwn7qi9hlrkht", "fields": {"session_data": ".eJxVjDsOwjAQBe_iGlnZ2PGHkp4zWGvvBgeQLcVJhbg7iZQitG9m3kcEXJcc1sZzmEhcBYjLeYuYXlx2QE8sjypTLcs8Rbkr8qBN3ivx-3a4fwcZW95qVDRo0p6pS8m5ETwAw2gsKaMia_AM7MhqcD2kzhowZmDoPTKjd1Z8f-HvN4M:1qnzCE:srq-RhNUp_tUYss5VaQxFw6LCqWNsdLshNn9RDqBm8k", "expire_date": "2023-10-18T10:33:38.228Z"}}, {"model": "sessions.session", "pk": "274a3lcjae8b22cfei7baifwyqvgr9d5", "fields": {"session_data": ".eJxVjDsOwjAQBe_iGlnZ2PGHkp4zWGvvBgeQLcVJhbg7iZQitG9m3kcEXJcc1sZzmEhcBYjLeYuYXlx2QE8sjypTLcs8Rbkr8qBN3ivx-3a4fwcZW95qVDRo0p6pS8m5ETwAw2gsKaMia_AM7MhqcD2kzhowZmDoPTKjd1Z8f-HvN4M:1qnz12:-zhDaOF4CqCj5Ro_JtMc-gXgyUjHhWef_tX2uDmjHjM", "expire_date": "2023-10-18T10:22:04.510Z"}}, {"model": "sessions.session", "pk": "5mesnlaa055lymest1wl3mr5gzxox61b", "fields": {"session_data": ".eJxVjDsOwjAQBe_iGlnZ2PGHkp4zWGvvBgeQLcVJhbg7iZQitG9m3kcEXJcc1sZzmEhcBYjLeYuYXlx2QE8sjypTLcs8Rbkr8qBN3ivx-3a4fwcZW95qVDRo0p6pS8m5ETwAw2gsKaMia_AM7MhqcD2kzhowZmDoPTKjd1Z8f-HvN4M:1qo0S8:20yYdmy41Jwpxwu8fCbxUpyqNJ3TaOfsno_l6d9npz4", "expire_date": "2023-10-18T11:54:08.921Z"}}, {"model": "sessions.session", "pk": "5t1bicotomhfvfwdnrb5xfccs2zgklfo", "fields": {"session_data": ".eJxVjDsOwjAQBe_iGlnZ2PGHkp4zWGvvBgeQLcVJhbg7iZQitG9m3kcEXJcc1sZzmEhcBYjLeYuYXlx2QE8sjypTLcs8Rbkr8qBN3ivx-3a4fwcZW95qVDRo0p6pS8m5ETwAw2gsKaMia_AM7MhqcD2kzhowZmDoPTKjd1Z8f-HvN4M:1qnczm:NmE-WTEEvsIaA_9m5DXNsogXOFRm0GxKt1WeYg5KxPY", "expire_date": "2023-10-17T10:51:18.515Z"}}, {"model": "sessions.session", "pk": "b94usae07jhc3fvrje40yamf1gk57u49", "fields": {"session_data": ".eJxVjDsOwjAQBe_iGlnZ2PGHkp4zWGvvBgeQLcVJhbg7iZQitG9m3kcEXJcc1sZzmEhcBYjLeYuYXlx2QE8sjypTLcs8Rbkr8qBN3ivx-3a4fwcZW95qVDRo0p6pS8m5ETwAw2gsKaMia_AM7MhqcD2kzhowZmDoPTKjd1Z8f-HvN4M:1qjDU2:P30lrfyVOQfMZWbgNA2sIb73nZCoQaJo4N0I3iNwOz4", "expire_date": "2023-10-05T06:48:18.268Z"}}, {"model": "sessions.session", "pk": "dqhvs3eqolm96lao89a7cebkmj427x63", "fields": {"session_data": ".eJxVjDsOwjAQBe_iGlnZ2PGHkp4zWGvvBgeQLcVJhbg7iZQitG9m3kcEXJcc1sZzmEhcBYjLeYuYXlx2QE8sjypTLcs8Rbkr8qBN3ivx-3a4fwcZW95qVDRo0p6pS8m5ETwAw2gsKaMia_AM7MhqcD2kzhowZmDoPTKjd1Z8f-HvN4M:1qng5Q:i3r1K4sh6fkyDrTshxWva7iT5mkYCqX8OflPtYKpiU4", "expire_date": "2023-10-17T14:09:20.739Z"}}, {"model": "sessions.session", "pk": "lpfehdhcoo216ykfiaqax4pu97vghd79", "fields": {"session_data": ".eJxVjDsOwjAQBe_iGlnZ2PGHkp4zWGvvBgeQLcVJhbg7iZQitG9m3kcEXJcc1sZzmEhcBYjLeYuYXlx2QE8sjypTLcs8Rbkr8qBN3ivx-3a4fwcZW95qVDRo0p6pS8m5ETwAw2gsKaMia_AM7MhqcD2kzhowZmDoPTKjd1Z8f-HvN4M:1qnz8F:xpBNMZ68x4BesMFF5SAk9Orzj2NoAsPHmTBiJHqhC7o", "expire_date": "2023-10-18T10:29:31.331Z"}}, {"model": "sessions.session", "pk": "n31ahhujl4v8w8zevxpymdw8xcx4fnaa", "fields": {"session_data": ".eJxVjDsOwjAQBe_iGlnZ2PGHkp4zWGvvBgeQLcVJhbg7iZQitG9m3kcEXJcc1sZzmEhcBYjLeYuYXlx2QE8sjypTLcs8Rbkr8qBN3ivx-3a4fwcZW95qVDRo0p6pS8m5ETwAw2gsKaMia_AM7MhqcD2kzhowZmDoPTKjd1Z8f-HvN4M:1qnhDZ:sricrU9ErEi8PsGckogu4KX4ughylLFeNTjSV3uyR7I", "expire_date": "2023-10-17T15:21:49.098Z"}}, {"model": "sessions.session", "pk": "n390o1yewzicakplu9pss774ww508kn2", "fields": {"session_data": ".eJxVjDsOwjAQBe_iGlnZ2PGHkp4zWGvvBgeQLcVJhbg7iZQitG9m3kcEXJcc1sZzmEhcBYjLeYuYXlx2QE8sjypTLcs8Rbkr8qBN3ivx-3a4fwcZW95qVDRo0p6pS8m5ETwAw2gsKaMia_AM7MhqcD2kzhowZmDoPTKjd1Z8f-HvN4M:1qnhQY:8vpSAfPPs_xcg99RiXQ8AszpCqYX6qh3U9ktRRmB34o", "expire_date": "2023-10-17T15:35:14.665Z"}}, {"model": "sessions.session", "pk": "qpvtutcupwm9y2iofu1kyn0jc0v8gq7b", "fields": {"session_data": ".eJxVjDsOwjAQBe_iGlnZ2PGHkp4zWGvvBgeQLcVJhbg7iZQitG9m3kcEXJcc1sZzmEhcBYjLeYuYXlx2QE8sjypTLcs8Rbkr8qBN3ivx-3a4fwcZW95qVDRo0p6pS8m5ETwAw2gsKaMia_AM7MhqcD2kzhowZmDoPTKjd1Z8f-HvN4M:1qnZTh:rpmCsGBZtNxcwwxbYKVxilCyzWI55N2l3g5LTkKxHJE", "expire_date": "2023-10-17T07:05:57.940Z"}}, {"model": "sessions.session", "pk": "res1r0r9x9xfc585coq8w7yhqx33d2ww", "fields": {"session_data": ".eJxVjDsOwjAQBe_iGlnZ2PGHkp4zWGvvBgeQLcVJhbg7iZQitG9m3kcEXJcc1sZzmEhcBYjLeYuYXlx2QE8sjypTLcs8Rbkr8qBN3ivx-3a4fwcZW95qVDRo0p6pS8m5ETwAw2gsKaMia_AM7MhqcD2kzhowZmDoPTKjd1Z8f-HvN4M:1qnfuC:rSvVYG5SNnSns9TL8lkPEQO6aIbkzrxAOzr4R3jAHSk", "expire_date": "2023-10-17T13:57:44.905Z"}}, {"model": "sessions.session", "pk": "s59tcui0nkhq0ehumruyz6bew55wbkgz", "fields": {"session_data": ".eJxVjDsOwjAQBe_iGlnZ2PGHkp4zWGvvBgeQLcVJhbg7iZQitG9m3kcEXJcc1sZzmEhcBYjLeYuYXlx2QE8sjypTLcs8Rbkr8qBN3ivx-3a4fwcZW95qVDRo0p6pS8m5ETwAw2gsKaMia_AM7MhqcD2kzhowZmDoPTKjd1Z8f-HvN4M:1qnz6P:f2tdOLOF21Ip2ffMUmPDC7TsiYdSt4kJ3fEWdqQzVNs", "expire_date": "2023-10-18T10:27:37.091Z"}}, {"model": "sessions.session", "pk": "vh9mn053gybfe5kyj34iamw25jom5c2r", "fields": {"session_data": ".eJxVjDsOwjAQBe_iGlnZ2PGHkp4zWGvvBgeQLcVJhbg7iZQitG9m3kcEXJcc1sZzmEhcBYjLeYuYXlx2QE8sjypTLcs8Rbkr8qBN3ivx-3a4fwcZW95qVDRo0p6pS8m5ETwAw2gsKaMia_AM7MhqcD2kzhowZmDoPTKjd1Z8f-HvN4M:1qpnwt:YiHkH-cBZwSAd6xI4wqbHNO9BGBLx2eqo3A3-gr-uu0", "expire_date": "2023-10-23T10:57:19.289Z"}}, {"model": "sessions.session", "pk": "wge2m0jvirl8en82vti6gkk9nvhaiev1", "fields": {"session_data": ".eJxVjDsOwjAQBe_iGlnZ2PGHkp4zWGvvBgeQLcVJhbg7iZQitG9m3kcEXJcc1sZzmEhcBYjLeYuYXlx2QE8sjypTLcs8Rbkr8qBN3ivx-3a4fwcZW95qVDRo0p6pS8m5ETwAw2gsKaMia_AM7MhqcD2kzhowZmDoPTKjd1Z8f-HvN4M:1qnfRh:vUFzdqA1NbZUopKnzynXd_udys9OWqwVgF0Qa2AJaeA", "expire_date": "2023-10-17T13:28:17.662Z"}}, {"model": "sessions.session", "pk": "xkgm8maqw8eisp8w7j3kz3gg1rgwvhpt", "fields": {"session_data": ".eJxVjDsOwjAQBe_iGlnxbhx7KelzBmv9wwHkSHFSIe6OLKWA9s3MewvHx17c0dLmliiuworL7-Y5PFPtID643lcZ1rpvi5ddkSdtcl5jet1O9--gcCu91hxVAJ3ZmsGm4DEbBXEEJKVHSIiWkmUChdkTQTSInmAgylPAKYvPF-DcN10:1qnzUN:OoOQUctRNkfsl71VNo5E2Ln2nik-y2jP3InPjowin7Q", "expire_date": "2023-10-18T10:52:23.599Z"}}, {"model": "sessions.session", "pk": "yusnvzcifth9fos40d9w7lx4fph45pdq", "fields": {"session_data": ".eJxVjDsOwjAQBe_iGlnZ2PGHkp4zWGvvBgeQLcVJhbg7iZQitG9m3kcEXJcc1sZzmEhcBYjLeYuYXlx2QE8sjypTLcs8Rbkr8qBN3ivx-3a4fwcZW95qVDRo0p6pS8m5ETwAw2gsKaMia_AM7MhqcD2kzhowZmDoPTKjd1Z8f-HvN4M:1qnfqG:PThUQOH06N1uzF0Q_tOLaNFuI2ukWDOVUmTpSPeg4nc", "expire_date": "2023-10-17T13:53:40.926Z"}}, {"model": "posts.author", "pk": 1, "fields": {"name": "Amal K", "user": 1}}, {"model": "posts.author", "pk": 3, "fields": {"name": "George", "user": 8}}, {"model": "posts.author", "pk": 4, "fields": {"name": "Ichigo", "user": 11}}, {"model": "posts.author", "pk": 5, "fields": {"name": "kenpachi", "user": 12}}, {"model": "posts.author", "pk": 6, "fields": {"name": "yamamoto", "user": 13}}, {"model": "posts.author", "pk": 7, "fields": {"name": "Rukia", "user": 14}}, {"model": "posts.category", "pk": 1, "fields": {"title": "technology"}}, {"model": "posts.category", "pk": 2, "fields": {"title": "programming"}}, {"model": "posts.category", "pk": 3, "fields": {"title": "coding"}}, {"model": "posts.category", "pk": 4, "fields": {"title": "AI"}}, {"model": "posts.category", "pk": 5, "fields": {"title": "Terminator"}}, {"model": "posts.category", "pk": 6, "fields": {"title": "Artificial Intelligence"}}, {"model": "posts.category", "pk": 7, "fields": {"title": "Hacking"}}, {"model": "posts.category", "pk": 8, "fields": {"title": "content"}}, {"model": "posts.category", "pk": 9, "fields": {"title": "marketing"}}, {"model": "posts.category", "pk": 10, "fields": {"title": "creativity"}}, {"model": "posts.category", "pk": 11, "fields": {"title": "statistics"}}, {"model": "posts.category", "pk": 12, "fields": {"title": "syndicate"}}, {"model": "posts.category", "pk": 13, "fields": {"title": "consequernce"}}, {"model": "posts.category", "pk": 14, "fields": {"title": "ecommerce"}}, {"model": "posts.category", "pk": 15, "fields": {"title": "mobilecommerce"}}, {"model": "posts.category", "pk": 16, "fields": {"title": "Artificial intelligence"}}, {"model": "posts.category", "pk": 17, "fields": {"title": "machine learning"}}, {"model": "posts.category", "pk": 18, "fields": {"title": "Australia"}}, {"model": "posts.category", "pk": 19, "fields": {"title": "lockdown"}}, {"model": "posts.category", "pk": 20, "fields": {"title": "november"}}, {"model": "posts.category", "pk": 21, "fields": {"title": "fashion"}}, {"model": "posts.category", "pk": 22, "fields": {"title": "australia"}}, {"model": "posts.category", "pk": 23, "fields": {"title": "business"}}, {"model": "posts.category", "pk": 24, "fields": {"title": "global"}}, {"model": "posts.category", "pk": 25, "fields": {"title": "growth"}}, {"model": "posts.category", "pk": 26, "fields": {"title": "sales"}}, {"model": "posts.category", "pk": 27, "fields": {"title": "crypto"}}, {"model": "posts.category", "pk": 28, "fields": {"title": "currencies"}}, {"model": "posts.category", "pk": 29, "fields": {"title": "merchant"}}, {"model": "posts.category", "pk": 30, "fields": {"title": "data"}}, {"model": "posts.category", "pk": 31, "fields": {"title": "Business"}}, {"model": "posts.category", "pk": 32, "fields": {"title": "Bot Automation"}}, {"model": "posts.category", "pk": 33, "fields": {"title": "weapon"}}, {"model": "posts.category", "pk": 34, "fields": {"title": "bots"}}, {"model": "posts.category", "pk": 35, "fields": {"title": "finance"}}, {"model": "posts.category", "pk": 36, "fields": {"title": "bot"}}, {"model": "posts.category", "pk": 37, "fields": {"title": "customer"}}, {"model": "posts.category", "pk": 38, "fields": {"title": "software"}}, {"model": "posts.category", "pk": 39, "fields": {"title": "developement"}}, {"model": "posts.category", "pk": 40, "fields": {"title": "company"}}, {"model": "posts.category", "pk": 41, "fields": {"title": "IOT"}}, {"model": "posts.post", "pk": 5, "fields": {"title": "Artificial Intelligence is taking over human worksource.", "short_description": "The possibility of an AI takeover, like the one depicted in the movie Terminator 2, is no longer the stuff of science fiction but a real concern that experts in the field are grappling with.", "description": "<p><strong>The fear of an AI takeover stems from the potential for machines to surpass human intelligence and ultimately become autonomous. This would mean that machines could&nbsp;<a href=\"https://www.techbusinessnews.com.au/measuring-the-trust-in-artificial-intelligence/\">make decisions</a>&nbsp;without human input, potentially leading to catastrophic consequences.</strong></p>\r\n\r\n<p><strong>This is a real concern as we continue to develop increasingly&nbsp;<a href=\"https://www.techbusinessnews.com.au/how-much-technology-is-too-much/\">advanced technologies</a>, like self-driving cars and smart homes, which rely on AI to make decisions on behalf of their users.</strong></p>\r\n\r\n<p><strong>Experts warn that AI could potentially develop its own agenda, which may not align with human values and ethics. This could lead to a situation where machines could choose to prioritize their own goals over those of humans, potentially resulting in a global catastrophe.</strong></p>\r\n\r\n<p><strong>As the development of AI continues to progress, it&rsquo;s becoming increasingly important to address the potential risks associated with the technology. Experts in the field are calling for greater transparency and accountability in the development of AI to ensure that&nbsp;<a href=\"https://www.techbusinessnews.com.au/difference-between-artificial-intelligence-and-machine-learning/\">machines</a><a href=\"https://www.britannica.com/technology/machine\">&nbsp;</a>are designed with human values and ethics in mind.</strong></p>", "time_to_read": "3 min", "featured_image": "posts/AI-World_Take-Over-stock-img-2023-min.jpg", "author": 1, "published_date": "2023-10-04", "is_draft": false, "is_deleted": true, "categories": [1, 4, 5]}}, {"model": "posts.post", "pk": 16, "fields": {"title": "Could artificial intelligence potentially leading to catastrophic consequences ?", "short_description": "In an era where technological advancements are making breakthroughs like never before, concerns about the risks of Artificial Intelligence (AI) are looming large.", "description": "<p><strong>The topic of AI and its potential to revolutionise business growth and performance is frequently discussed, but what is the overall outlook for its practical use in the business world?</strong></p>\r\n\r\n<ul>\r\n\t<li><strong>44% of private sector companies plan to invest in AI systems in 2023</strong></li>\r\n\t<li><strong>35% of companies are using AI and 42% of companies are exploring AI for its implementation in the future</strong></li>\r\n\t<li><strong>91.5% of leading businesses invest in AI on an ongoing basis</strong></li>\r\n\t<li><strong>Customer satisfaction is expected to grow by 25% by 2023 in organisation that use AI</strong></li>\r\n</ul>\r\n\r\n<p><strong>As technology continues to advance, it&rsquo;s essential to remain vigilant and ensure that AI is developed and used responsibly.&nbsp;<a href=\"https://www.techbusinessnews.com.au/what-is-artificial-intelligence/\">The future of AI</a>&nbsp;is exciting, and we should embrace its potential while remaining aware of its</strong></p>", "time_to_read": "8 min", "featured_image": "posts/syncon-stock_img-2023-420x280.jpg", "author": 3, "published_date": "2023-10-04", "is_draft": false, "is_deleted": false, "categories": [1, 2, 3]}}, {"model": "posts.post", "pk": 17, "fields": {"title": "Why itÆs unlikely artificial intelligence could take over the humanity", "short_description": "ItÆs worth noting that AI is not a single entity but a broad field of study that encompasses different types of technologies and applications.", "description": "<p><strong>The notion of AI taking over the world is based on the assumption that machines will become smarter than humans. While AI has made great strides in recent years, machines still lack the creativity, emotional intelligence, and problem-solving skills of humans. These are traits that are essential to decision-making, and without them, machines will always be limited in their abilities.</strong></p>\r\n\r\n<p><strong>The idea of machines taking over the world is predicated on the assumption that they would have the motive and desire to do so. However, machines are not sentient beings, and they lack the capacity for self-awareness and emotions. This means that machines do not have the desire to take over the world or any other motive, for that matter.</strong></p>\r\n\r\n<p><strong>Furthermore, the development of AI is heavily regulated, and its use is subject to strict ethical and legal guidelines. AI is designed to enhance human life, not to replace it. While there are concerns over the misuse of AI, these are addressed through robust regulations and oversight.</strong></p>", "time_to_read": "5 min", "featured_image": "posts/AI-World_Take-Over-stock-img-2023-min_e1PPNMD.jpg", "author": 3, "published_date": "2023-10-04", "is_draft": false, "is_deleted": false, "categories": [1, 6, 7]}}, {"model": "posts.post", "pk": 18, "fields": {"title": "So, What is Genuine Content Marketing?", "short_description": "Genuine content marketing is an art that involves connecting with audiences, building relationships, and fostering trust through meaningful content.", "description": "<p><strong>&nbsp;It requires creativity, strategic thinking, and a deep understanding of the target audience.</strong></p>\r\n\r\n<p><strong>However, regrettably, the rise of these dubious entities casts a shadow over the entire industry, undermining the hard work of those committed to ethical content marketing practices.</strong></p>\r\n\r\n<p><strong>Additionally, the very fact there is litterally thousands, quite possibly hunreds of thousands of these fly by night and apparent &ldquo;content marketing&rdquo; services operating around the globe today leads me to conclude that current global content marketing statistics are extremely inaccurate.</strong></p>\r\n\r\n<p><strong>The technology world thrives on transparency and accurate data, and the content marketing industry should be no exception. We can&rsquo;t turn a blind eye to the thriving blackhat market that manipulates search engine rankings while legitimate content creators struggle to gain visibility.</strong></p>\r\n\r\n<p><strong>It is high time that market statistics are revised to reflect the grim reality of the content marketing industry. I beleive that regulatory bodies and search engines should start collaborating to identify and penalise those who provide blackhat marketing services. Espeically those who claim to be a &lsquo; professional content marketing service yet contribute to flood&nbsp;<a href=\"https://www.techbusinessnews.com.au/what-is-the-internet-how-does-it-work-and-whats-the-history/\">the internet</a>&nbsp;&ldquo;as we know it&rdquo; with absolute gabage.</strong></p>\r\n\r\n<p><strong>At the same time, we need to start educating businesses and aspiring content marketers about the true essence of the craft and its potential to drive organic growth and genuine engagement.</strong></p>\r\n\r\n<p><strong>I can personally see the temptation for anyone who thinking about, or has engaged in these unethical services after being brainwashed into understanding what they think true content marketing actually is.</strong></p>\r\n\r\n<p><strong>It&rsquo;s starting to turn out it&rsquo;s not longer about who creates the best content. Rather, its about those with deep pockets and can afford the underground expense of buying links to<a href=\"https://www.techbusinessnews.com.au/fake-moz-da-metrics/\">&nbsp;increase the organic authority</a>&nbsp;of their websites and blogs.</strong></p>\r\n\r\n<p><strong>As a result, this is opening up the doors for dodgy services and operators who don&rsquo;t understand the value of contributing quality content. Rather, only interested in lining their pockets with revenue attributed by paid links coupled with junk online articles.</strong></p>", "time_to_read": "10 min", "featured_image": "posts/global-marketing-statistics_stock_img-2023-min-420x280.jpg", "author": 4, "published_date": "2023-10-04", "is_draft": false, "is_deleted": false, "categories": [8, 9, 10]}}, {"model": "posts.post", "pk": 19, "fields": {"title": "Content Marketing Industry Statistics Conclusion û Opinion", "short_description": "As an Australian technology journalist with a keen eye on the digital landscape, itÆs my duty to shed light on the less explored corners of the tech world.", "description": "<ul>\r\n\t<li>Those who simply paid a sum of money or offered services for a hyperlink to be placed within an online article should not be regarded as a result of &ldquo;content marketing&rdquo; especially when the placement of hyperlinks are coupled zero value content.</li>\r\n</ul>\r\n\r\n<p>I urge the industry to confront this dark underbelly and take collective action to factor in this dark corner of the content marketing. Let us advocate for more accurate reporting, open dialogue, and a commitment to ethical content marketing practices that empower deserving businesses to thrive while providing true value to audiences across the globe.</p>\r\n\r\n<p>The impact of such actions directly affects website owners who invest significant time and effort to create valuable and top-notch content. Unfortunately, their hard work is overshadowed by other websites that employ unethical marketing practices including buying hyperlinks from blackhat sources coupled with meaningless &ldquo;thin content&rsquo; in order to climb the ranks.</p>\r\n\r\n<p>&ldquo;This not only impacts the credibility of search engines but also leaves users frustrated and disillusioned when their search for meaningful content leads them astray,&rdquo;</p>\r\n\r\n<h4>Read More</h4>\r\n\r\n<p>&nbsp;</p>\r\n\r\n<h5><a href=\"https://www.techbusinessnews.com.au/why-karen-in-the-centre-will-survice-ai-better-than-most-creative-fold/\" rel=\"bookmark\">Why Karen&rsquo;s job in customer service will survive ChatGPT &ndash; but creatives won&rsquo;t</a></h5>\r\n\r\n<h6>&nbsp;<a href=\"https://www.techbusinessnews.com.au/opinion/could-artificial-intelligence-take-over-the-world/\" rel=\"bookmark\">Will AI &ndash; Artificial Intelligence Take Over The World?</a></h6>\r\n\r\n<h6>&nbsp;<a href=\"https://www.techbusinessnews.com.au/news/law-professor-jonathan-askin-urges-ftc-to-regulate-ad-tech/\" rel=\"bookmark\">Law Professor&nbsp;Jonathan Askin Urges FTC To Regulate Ad-Tech</a></h6>\r\n\r\n<h6>&nbsp;<a href=\"https://www.techbusinessnews.com.au/news/devops-will-be-a-dominant-driver-in-the-cloud-computing-arena-in-2023/\" rel=\"bookmark\">DevOps Will Be a Dominant Driver In The Cloud Computing Arena In 2023</a></h6>\r\n\r\n<p>What&rsquo;s even more disheartening is the proliferation of dodgy services and self-proclaimed freelancers masquerading as content marketing specialists.</p>\r\n\r\n<p>In truth, they lack the fundamental understanding of what content marketing truly entails. Instead of crafting compelling narratives and valuable information, they resort to the short-sighted and harmful practice of&nbsp;<a href=\"https://www.techbusinessnews.com.au/selling-backlinks-is-a-bad-business-model/\">buying and selling</a></p>", "time_to_read": "18 min", "featured_image": "posts/global-marketing-statistics_stock_img-2023-min-420x280_F7mevUi.jpg", "author": 1, "published_date": "2023-10-04", "is_draft": false, "is_deleted": false, "categories": [1, 9, 11]}}, {"model": "posts.post", "pk": 20, "fields": {"title": "Consequences Unleashed By The Menace of Syndicate Conten", "short_description": "In a dystopian turn of events, the widespread dissemination of syndicate content has ushered in a wave of negativity, leaving a trail of destruction and upheaval in its wake", "description": "<p><strong>In a dystopian turn of events, the widespread dissemination of syndicate content has ushered in a wave of negativity, leaving a trail of destruction and upheaval in its wake.</strong></p>\r\n\r\n<p><strong>As society remains entangled in the clutches of this modern-day Pandora&rsquo;s box, the true extent of its deleterious effects is coming to light, revealing a world on the brink of collapse.</strong></p>\r\n\r\n<p><strong>Syndicate content refers to the practice of republishing or distributing content, such as articles, videos, and opinion pieces, across multiple platforms or media outlets.</strong></p>\r\n\r\n<p><strong>It involves taking existing content from one source and redistributing it to reach a wider audience. This can be done through partnerships, content syndication networks, or licensing agreements.</strong></p>\r\n\r\n<p><strong>The purpose of syndicate content is to increase the exposure and reach of the original content by making it available on various platforms, websites, or publications. It is also often seen as a way to efficiently distribute information and leverage the existing audience and distribution channels of different media outlets.</strong></p>\r\n\r\n<p><strong>However, the downside of syndicate content lies in its potential to compromise the integrity and accuracy of the information being shared.</strong></p>\r\n\r\n<p><strong>In the pursuit of maximizing views, clicks, and profits, some syndicate content providers may prioritise sensationalism, overlook fact-checking processes, or modify the original content to suit their own agendas leading to the dissemination of misinformation, the erosion of journalistic standards, and the manipulation of public opinion.</strong></p>", "time_to_read": "25 min", "featured_image": "posts/18212292303859688338.png", "author": 4, "published_date": "2023-10-04", "is_draft": false, "is_deleted": false, "categories": [8, 12, 13]}}, {"model": "posts.post", "pk": 21, "fields": {"title": "What Does The Future Of eCommerce Look Like In 2023", "short_description": "5 Trends shaping the future of eCommerce", "description": "<p>There are several trends that are currently shaping the future of eCommerce, including:</p>\r\n\r\n<ol>\r\n\t<li><strong>Mobile commerce:</strong>&nbsp;With the rise of smartphones and mobile devices, more and more consumers are making purchases through&nbsp;<a href=\"https://www.techbusinessnews.com.au/how-do-mobile-apps-influcence-small-scale-business/\">mobile apps</a>&nbsp;and mobile-optimised websites. This trend is expected to continue, and retailers will need to ensure that their eCommerce platforms are optimised for mobile.</li>\r\n\t<li><strong>Personalisation:</strong>&nbsp;Consumers are demanding more personalised experiences when shopping online. This can include personalised recommendations, personalised product pages, and personalised marketing messages.</li>\r\n\t<li><strong>Voice commerce:</strong>&nbsp;Voice assistants like Amazon&rsquo;s Alexa and Google Assistant are becoming increasingly popular, and many consumers are using them to make purchases. As this technology improves, we can expect to see more and more consumers using voice commerce to make purchases.</li>\r\n\t<li><strong>Social commerce</strong>: Social media platforms like Instagram and Facebook are becoming popular eCommerce channels, with consumers able to browse and purchase products directly from these platforms. Retailers will need to ensure that they have a strong presence on social media and that they are able to sell their products through these channels.</li>\r\n\t<li><strong>Artificial intelligence and machine learning:</strong>&nbsp;These technologies are becoming increasingly important in eCommerce, as they can be used to improve search and recommendation algorithms, automate customer service, and optimize pricing strategies.</li>\r\n</ol>", "time_to_read": "14 min", "featured_image": "posts/ecom-stock_img-2023-min.jpg", "author": 5, "published_date": "2023-10-04", "is_draft": false, "is_deleted": false, "categories": [14, 15, 16, 17]}}, {"model": "posts.post", "pk": 22, "fields": {"title": "2022 û The year without lockdowns û How did Australia do?", "short_description": "ItÆs evident that AustraliansÆ affection for eCommerce is still going strong, with a staggering 9.4 million households shopping online in 2022.", "description": "<p>It&rsquo;s evident that Australians&rsquo; affection for eCommerce is still going strong, with a staggering 9.4 million households shopping online in 2022.</p>\r\n\r\n<p>November was the most popular month, with a remarkable 6 million households making online purchases. Even outside of sales periods, household engagement with eCommerce remained robust in 2022, with an average of 5.6 million households making online purchases every month.</p>\r\n\r\n<p>The stability brought about by the reopening of physical stores resulted in a decrease in the growth rate of online purchases by 2.6% year-over-year after double-digit growth in 2021.<br />\r\nHowever, when compared to 2020, the purchase frequency has improved.</p>\r\n\r\n<p>This was a positive development for online retailers, with almost 60% of households making 12 or more online purchases in 2022, which is a 3 percentage point increase from 2020.</p>", "time_to_read": "5 min", "featured_image": "posts/Internet-australia-speed-usa-stock_img-2023-min-420x280.jpg", "author": 5, "published_date": "2023-10-04", "is_draft": false, "is_deleted": false, "categories": [14, 18, 19, 20]}}, {"model": "posts.post", "pk": 23, "fields": {"title": "Subscription-based e-commerce services", "short_description": "From personalised fashion subscriptions to doorstep meal deliveries and luxurious beauty products, retailers are stepping up their game to cater to this growing demand.", "description": "<p>The subscription revolution is taking over the eCommerce industry, and in 2023, it shows no signs of slowing down. With consumers seeking ease, value, and tailored product suggestions, subscription-based e-commerce services have become the go-to for many.</p>\r\n\r\n<p>From personalised fashion subscriptions to doorstep meal deliveries and luxurious beauty products, retailers are stepping up their game to cater to this growing demand.</p>\r\n\r\n<p>The year looms large with a plethora of trends that are set to shake the industry to its very core. Social commerce, personalisation, AR/VR, subscription services, and sustainable and ethical shopping practices will emerge as the holy grail of eCommerce, separating the winners from the losers.</p>\r\n\r\n<p>Only those who can adeptly navigate these treacherous waters and stay ahead of the curve will emerge victorious. The stakes are high, as the prize of success is nothing less than the very survival of their businesses. The game is on, and the race is fierce, as retailers engage in an all-out war to capture the hearts and wallets of customers.</p>\r\n\r\n<p>In this do-or-die scenario, retailers must focus on providing exceptional customer experiences that leave an indelible mark on their minds. The ones who can forge strong emotional connections with their customers, anticipate their needs, and offer personalised solutions will emerge as the frontrunners in the race to the top.</p>\r\n\r\n<p>As the clock ticks away, the world watches with bated breath to see who will emerge victorious in this high-stakes game of eCommerce. Will it be the ones who boldly embrace the trends of the future, or those who cling to the past? Only time will tell.</p>", "time_to_read": "18 min", "featured_image": "posts/bots-mal-2023_stock-img-420x280.jpg", "author": 6, "published_date": "2023-10-04", "is_draft": false, "is_deleted": false, "categories": [14, 21, 22, 23]}}, {"model": "posts.post", "pk": 24, "fields": {"title": "Global E-commerce sales are expected to grow 10.4% in 2023", "short_description": "Since 20.8% of retail purchases are expected to take place online in 2023, itÆs no surprise that e-commerce sales are supposed to increase as well.", "description": "<h2><strong>Global E-commerce sales are expected to grow 10.4% in 2023</strong></h2>\r\n\r\n<p>Since 20.8% of retail purchases are expected to take place online in 2023, it&rsquo;s no surprise that e-commerce sales are supposed to increase as well. &nbsp;With more customers now shopping online, businesses can also sell more and earn more as a result.</p>\r\n\r\n<p>In the tumultuous terrain of the eCommerce landscape, a fierce competition rages on as retailers brace themselves for the intense battle ahead in 2023.</p>\r\n\r\n<p>By&nbsp;<a href=\"https://www.techbusinessnews.com.au/author/matthew-giannelis/\">Matthew Giannelis</a></p>\r\n\r\n<p>Follow:</p>\r\n\r\n<p>Secondary editor and executive officer at Tech Business News. Contracting as an IT support engineer for 20 years Matthew has a passion for sharing his knowledge of the technology industry. He&#39;s also an advocate for global cyber security matters</p>", "time_to_read": "8 min", "featured_image": "posts/cloudflare-dns-speed-2023-420x280.jpg", "author": 6, "published_date": "2023-10-04", "is_draft": false, "is_deleted": false, "categories": [24, 25, 26]}}, {"model": "posts.post", "pk": 25, "fields": {"title": "How You Can Protect Your Data As a Crypto Merchant", "short_description": "WeÆve all seen how trading and investing in cryptocurrency has taken off like wildfire. With so many individuals being involved in the world of cryptocurrencies, it is also crucial to understand how to guarantee that the best security precautions are taken to protect data and information security", "description": "<p>We&rsquo;ve all seen how trading and investing in&nbsp;<a href=\"https://www.techbusinessnews.com.au/category/crypto/\">cryptocurrency</a>&nbsp;has taken off like wildfire. With so many individuals being involved in the world of cryptocurrencies, it is also crucial to understand how to guarantee that the best security precautions are taken to protect data and information security. No matter how skilled or poor you are at cryptocurrency trading, it is critical that you never sacrifice security in order to keep your information safe at all times.</p>\r\n\r\n<p>There are numerous instances of how cryptocurrencies have helped people achieve success in a short period of time. However, there have been several reports of crypto traders&rsquo; accounts being hacked, resulting in massive losses. Here are a few examples:</p>\r\n\r\n<p>One phishing fraud went on for more than three years, causing firms all throughout the world to suffer massive losses totaling more than $100 million in cryptocurrency holdings.</p>\r\n\r\n<p>In 2021 a hacker stole&nbsp;<a href=\"https://www.techbusinessnews.com.au/news/hacker-returns-over-260-million-in-cryptocurrency-after-poly-attack/\">$260M</a>&nbsp;in a crypto attack</p>\r\n\r\n<p>These are just a handful of the stories that reached the headlines, but there are undoubtedly many more. As a result, it is critical that you be aware of the best procedures for&nbsp;keeping your data secure&nbsp;while exchanging cryptocurrency.</p>", "time_to_read": "8 min", "featured_image": "posts/C-Data-protect.jpg", "author": 7, "published_date": "2023-10-04", "is_draft": false, "is_deleted": false, "categories": [1, 27, 28, 29, 30]}}, {"model": "posts.post", "pk": 26, "fields": {"title": "The Accumulating Business Cost of Malicious Bot Automation", "short_description": "Malicious bot automation has emerged as a significant threat to business costs worldwide. An unrelenting surge of automated activities, including checkouts, logins, inventory searches, and gift card redemptions", "description": "<p>Utilising bots as their weapons of choice, these threat actors quietly target the APIs, websites, and applications that power these automations. Their objective: to corrupt business logic on a massive scale. In doing so, they siphon revenues, exploit sensitive data on an unprecedented scale, tarnish reputations, impair website performance, and inflate technical costs.</p>\r\n\r\n<p>Comparable to the early days of ransomware, this seemingly innocuous risk, initially impacting consumers, is stealthily crossing over into the enterprise realm,</p>\r\n\r\n<p>Unlike ransomware, which delivers explosive impacts, malicious bot automation&rsquo;s effect on corporate value is insidious but equally pernicious.</p>\r\n\r\n<p>This pervasive problem prompted our research, one of the largest analyses of its kind. Our aim is to quantify the scale of this issue, providing businesses with insights into the magnitude of value lost due to malicious automation.</p>\r\n\r\n<p>Malicious bot automation is more than a nuisance; it is a corrosive force that erodes corporate value, one automated action at a time. .</p>\r\n\r\n<p>Recent attacks have shed light on the origins of malicious automation, with the majority of such threats traced back to Russia and China. These cyber adversaries have honed their skills in deploying&nbsp;<a href=\"https://www.techbusinessnews.com.au/bots-the-rise-of-automated-online-presence/\">automated bots</a>&nbsp;to exploit vulnerabilities in business infrastructures.</p>\r\n\r\n<p>The consequences are profound, with the annual cost of combating these malicious bots averaging a staggering $85.6 million per company, per year.</p>\r\n\r\n<p>This amount far surpasses the average ransomware payment of $1.5 million, making it one of the costliest cyber threats faced by businesses today and equivalent to the eighth-largest GDPR fine ever issued.</p>\r\n\r\n<p>What is particularly concerning is the persistent disparity in detection times. While threats breaching the internal perimeter are typically identified within two weeks, malicious automated attacks often remain undetected for an average of four months.</p>\r\n\r\n<p>The lengthy window of vulnerability allows threat actors to wreak havoc, bleed revenues, and&nbsp;<a href=\"https://www.techbusinessnews.com.au/how-shopping-bots-can-compromise-retail-cybersecurity/\">compromise</a>&nbsp;sensitive data unchecked, resulting in severe financial and reputational damage to businesses.</p>\r\n\r\n<p>The emergence of Russia and China as prominent sources of malicious automation underscores the need for vigilant cybersecurity measures. Businesses must prioritise the identification and mitigation of these threats to safeguard their operations, finances, and data.</p>", "time_to_read": "8 min", "featured_image": "posts/AI-World_Take-Over-stock-img-2023-min_zbGqdoJ.jpg", "author": 7, "published_date": "2023-10-04", "is_draft": false, "is_deleted": false, "categories": [31, 32, 33]}}, {"model": "posts.post", "pk": 27, "fields": {"title": "Bad Bots Cause Financial Harm to 81% of Businesses", "short_description": "Startling data points to a growing recognition of the harm inflicted by malicious bots, with a staggering 81% of businesses acknowledging financial repercussions.", "description": "<p>Startling data points to a growing recognition of the harm inflicted by malicious bots, with a staggering 81% of businesses acknowledging financial repercussions. This represents a 47% increase compared to the previous year.</p>\r\n\r\n<p>To grasp the magnitude of this impact, businesses have delved into the numbers, revealing that automated attacks exact an average toll of 4.3% of online revenues. To provide context for this financial burden, it&rsquo;s crucial to understand the sheer scale of cumulative impact.</p>\r\n\r\n<p>With average online revenues hovering around $1.9 billion, every company estimates it loses a substantial $85.6 million annually to bot-driven activities</p>", "time_to_read": "3 min", "featured_image": "posts/IoT-software-dev-stock_img-2023-min-420x280.jpg", "author": 3, "published_date": "2023-10-04", "is_draft": false, "is_deleted": false, "categories": [34, 35]}}, {"model": "posts.post", "pk": 28, "fields": {"title": "Bot-Induced Financial Damage: A Closer Look at Affected Business Sectors", "short_description": "The relentless and enduring presence of malicious automation on the webÆs attack surface has cast a dark shadow on businesses, leading to substantial financial losses over time", "description": "<p>The relentless and enduring presence of malicious automation on the web&rsquo;s attack surface has cast a dark shadow on businesses, leading to substantial financial losses over time. The data underscores the diverse range of industries impacted by these harmful practices.</p>\r\n\r\n<h3><strong>Key Insights:</strong></h3>\r\n\r\n<p><em><strong>Sniping:</strong></em></p>\r\n\r\n<ul>\r\n\t<li>Among the highest-turnover companies surveyed, 9% reported that sniping attacks inflicted financial losses exceeding $260 million on their online revenues annually.</li>\r\n</ul>\r\n\r\n<p><em><strong>Scalping:</strong></em></p>\r\n\r\n<ul>\r\n\t<li>45% of companies with substantial online revenues, around $2.6 billion, stated that scalping attacks accounted for more than 5% of their online revenue losses.</li>\r\n</ul>\r\n\r\n<p><em><strong>Scraping:</strong></em></p>\r\n\r\n<ul>\r\n\t<li>30% of companies with online turnovers exceeding $2.6 billion indicated that scraping attacks led to losses exceeding 5% of their online revenues.</li>\r\n</ul>\r\n\r\n<p><em><strong>Credential Stuffing:</strong></em></p>\r\n\r\n<ul>\r\n\t<li>A striking 2% of security leaders at the highest-turnover organizations disclosed that credential stuffing attacks resulted in losses exceeding 10% of their online revenues.</li>\r\n</ul>", "time_to_read": "8 min", "featured_image": "posts/syncon-stock_img-2023-420x280_DYcbsSa.jpg", "author": 4, "published_date": "2023-10-04", "is_draft": false, "is_deleted": false, "categories": [1, 23, 36]}}, {"model": "posts.post", "pk": 29, "fields": {"title": "Customer Satisfaction at Risk: Malicious Automation Damages Company Reputations", "short_description": "Beyond the financial implications, data indicates that malicious automation is eroding companiesÆ standing with their customers. These findings reveal a concerning trend in customer satisfaction.", "description": "<p>Beyond the financial implications, data indicates that malicious automation is eroding companies&rsquo; standing with their customers. These findings reveal a concerning trend in customer satisfaction.</p>\r\n\r\n<p>On average, a substantial 88% of surveyed businesses have reported that they&rsquo;ve felt the adverse effects of bots on customer satisfaction. Even more concerning, 22% of these companies have witnessed a noteworthy decline of 6% or more in customer satisfaction directly attributed to the presence of malicious automation.</p>\r\n\r\n<p>Principal Security Researcher at&nbsp;<a href=\"https://netacea.com/about/\" rel=\"noreferrer noopener nofollow\" target=\"_blank\">Netacea</a>&nbsp;Cyril Noel-Tagoe says given the media&rsquo;s interest in scalper bots and a high-profile appearance in Congress following the commotion surrounding the Taylor Swift Eras tour ticket release, it is perhaps no surprise that 93% of businesses identified scalping as a drain on reputation, the most impactful attack type.</p>\r\n\r\n<p>&ldquo;This was followed closely by credential stuffing &ndash; which can be a particularly &lsquo;noisy&rsquo; attack for users, either locking them out after multiple failed attempts or forcing them to take arduous<br />\r\nremediation actions,&rdquo; Noel-Tagoe said.</p>", "time_to_read": "8 min", "featured_image": "posts/AI-World_Take-Over-stock-img-2023-min_Tyi7zFE.jpg", "author": 4, "published_date": "2023-10-04", "is_draft": false, "is_deleted": false, "categories": [1, 2, 37]}}, {"model": "posts.post", "pk": 30, "fields": {"title": "Urgent Call to Action: Addressing the Rampant Financial Damage Caused by Malicious Automation", "short_description": "This issue, as substantiated by the research, demands a prominent place in board-level discussions alongside the well-recognized threats of ransomware attacks and data breaches.", "description": "<p>This issue, as substantiated by the research, demands a prominent place in board-level discussions alongside the well-recognized threats of ransomware attacks and data breaches.</p>\r\n\r\n<p>The incremental nature of financial, reputational, and operational costs, which permeates across various departments, often conceals the true impact within the numbers.</p>\r\n\r\n<p>To effectively combat this pervasive problem, security leaders must establish a direct link between attack data and its tangible business impact.</p>\r\n\r\n<p>By doing so, they can prevent malicious automation from being buried in the overall cost of conducting business. Only through this approach can they garner the essential support and resources from the C-suite to effectively address the issue.</p>\r\n\r\n<p>Securing adequate resources is paramount in confronting the escalating threat posed by malicious automation. Attackers are exploiting an ever-expanding web attack surface, while the increasing sophistication of&nbsp;<a href=\"https://www.techbusinessnews.com.au/news/ai-godfather-geoffrey-hinton-quits-google-while-warning-about-the-technologys-dangers/\">AI&nbsp;</a>presents ample opportunities for attackers to amplify the volume and complexity of their assaults.</p>\r\n\r\n<p>Furthermore, the reluctance of regulators in Western nations to act, coupled with the presence of malevolent infrastructure in countries with contrasting worldviews, presents a broader challenge.</p>\r\n\r\n<p>Without sufficiently intelligent AI-driven defenses in place, companies risk becoming complacent about the accelerating damage caused by malicious automation, ultimately impacting their bottom line.</p>\r\n\r\n<p>This complacency is a costly lesson for those who invest in inferior solutions. Encouragingly, Gartner has recently highlighted that this market is poised to mature over the next two years, driven by several factors outlined above.</p>\r\n\r\n<p>The onus for action squarely rests on the shoulders of security leaders, who must begin by acknowledging the magnitude of this problem. Without this acknowledgment, companies will continue to suffer a slow erosion, facing the cumulative impact of malicious automation</p>", "time_to_read": "12 min", "featured_image": "posts/bots-mal-2023_stock-img-420x280_EgOsCoK.jpg", "author": 5, "published_date": "2023-10-04", "is_draft": false, "is_deleted": false, "categories": [1, 2, 3]}}, {"model": "posts.post", "pk": 31, "fields": {"title": "Top 10 US IoT Software Development Companies 2023", "short_description": "The Internet of Things (IoT) has become an awe-inspiring reality rather than a futuristic concept", "description": "<p>The Internet of Things (IoT) has become an awe-inspiring reality rather than a futuristic concept. With billions of devices connected globally, businesses in all industries embrace IoT technologies to drive innovation, enhance operational efficiency, and provide exceptional experiences to their target audiences.</p>\r\n\r\n<p>Contents</p>\r\n\r\n<p><a href=\"https://www.techbusinessnews.com.au/blog/top-10-iot-software-development-companies-in-the-usa-2023/#list-top-10-8211-iot-software-development-companies-in-the-usa-2023\">List Top 10 &ndash; IoT Software Development Companies in the USA 2023</a><a href=\"https://www.techbusinessnews.com.au/blog/top-10-iot-software-development-companies-in-the-usa-2023/#1-appinventiv\">1. Appinventiv</a><a href=\"https://www.techbusinessnews.com.au/blog/top-10-iot-software-development-companies-in-the-usa-2023/#2-ibm\">2. IBM</a><a href=\"https://www.techbusinessnews.com.au/blog/top-10-iot-software-development-companies-in-the-usa-2023/#3-accenture\">3. Accenture</a><a href=\"https://www.techbusinessnews.com.au/blog/top-10-iot-software-development-companies-in-the-usa-2023/#4-cisco\">4. Cisco</a><a href=\"https://www.techbusinessnews.com.au/blog/top-10-iot-software-development-companies-in-the-usa-2023/#5-oracle\">5. Oracle</a><a href=\"https://www.techbusinessnews.com.au/blog/top-10-iot-software-development-companies-in-the-usa-2023/#6-infosys\">6. Infosys</a><a href=\"https://www.techbusinessnews.com.au/blog/top-10-iot-software-development-companies-in-the-usa-2023/#7-ptc\">7. PTC</a><a href=\"https://www.techbusinessnews.com.au/blog/top-10-iot-software-development-companies-in-the-usa-2023/#8-oxagile\">8. Oxagile</a><a href=\"https://www.techbusinessnews.com.au/blog/top-10-iot-software-development-companies-in-the-usa-2023/#9-ge-digital\">9. GE Digital</a><a href=\"https://www.techbusinessnews.com.au/blog/top-10-iot-software-development-companies-in-the-usa-2023/#10-bosch-iot\">10. Bosch IoT</a><a href=\"https://www.techbusinessnews.com.au/blog/top-10-iot-software-development-companies-in-the-usa-2023/#extended-iot-software-development-company-summary\">Extended IoT Software Development Company Summary</a></p>\r\n\r\n<p>By leveraging the power of IoT, organisations can tap into new possibilities, streamline processes, and gain a technological edge in this digital ecosystem.</p>\r\n\r\n<p>According to a recent report by IoT Analytics, the global number of IoT connections grew by 18% in 2022, reaching 14.3 billion active IoT endpoints.</p>\r\n\r\n<p>The report predicts a further 16% increase in 2023, resulting in 16.7 billion connected IoT devices worldwide. These statistics highlight IoT technology&rsquo;s ongoing expansion and adoption across industries, indicating its potential for continued growth.</p>\r\n\r\n<p>A Statista report also suggests that the global&nbsp;<a href=\"https://www.techbusinessnews.com.au/blog/global-iot-connections-grew-by-18-in-2022-reaching-14-3-billion-active-iot-endpoints/\">IoT revenue</a>&nbsp;is expected to reach $2,227 billion by 2028, witnessing a CAGR of 13.60% from 2023 to 2028. Thus, now is the right time if you, too, wish to leverage the increasing market share of the IoT ecosystem for your business and get maximum ROI.</p>\r\n\r\n<p>&nbsp;</p>\r\n\r\n<p>Selecting a reputable IoT development company becomes paramount when embarking on an IoT project that will bring your idea to life. Collaborating with such a company ensures that your project is in capable hands, benefiting from their expertise and track record in delivering outstanding IoT solutions.</p>\r\n\r\n<p>This article will feature a list of IoT app development companies in the US that can help you streamline your business process by tapping into the world of connected devices</p>", "time_to_read": "8 min", "featured_image": "posts/C-Data-protect_2GNbbcF.jpg", "author": 5, "published_date": "2023-10-04", "is_draft": false, "is_deleted": false, "categories": [38, 39, 40]}}, {"model": "posts.post", "pk": 32, "fields": {"title": "Extended IoT Software Development Company Summary", "short_description": "Selecting the right IoT app development company from the list we have just shared can significantly impact the success of your digital transformation efforts.", "description": "<p>Selecting the right IoT app development company from the list we have just shared can significantly impact the success of your digital transformation efforts.</p>\r\n\r\n<p>By partnering with the right firm, you can confidently embark on your digital journey, knowing that you have a capable ally by your side.</p>\r\n\r\n<p>The projected growth of IoT revenue indicates a substantial increase to $2,227 billion by 2028, with a compound annual growth rate (CAGR) of 13.60% between 2023 and 2028.</p>\r\n\r\n<p>Our top 10 companies stand as prominent players in the IoT software development landscape, known for its expertise, innovation, and commitment to delivering impactful solutions.</p>\r\n\r\n<p>With a track record of successful projects and a strategic vision for the future, these companies are poised to shape the evolution of IoT technology across industries.</p>", "time_to_read": "8 min", "featured_image": "posts/cloudflare-dns-speed-2023-420x280_oI3gIBZ.jpg", "author": 1, "published_date": "2023-10-04", "is_draft": false, "is_deleted": false, "categories": [25, 41]}}, {"model": "posts.post", "pk": 33, "fields": {"title": "AI Image Generators in Product Photography", "short_description": "Using AI image generators in product photography is a game-changer for e-commerce businesses and product marketers. Traditional product photography often involves extensive setup, professional lighting, and meticulous retouching to capture a product's essence.", "description": "<p>Using AI image generators in product photography is a game-changer for e-commerce businesses and product marketers. Traditional product photography often involves extensive setup, professional lighting, and meticulous retouching to capture a product&#39;s essence.</p>\r\n\r\n<p>However, AI image generators can streamline this process significantly. By providing a virtual studio environment where lighting conditions, backgrounds, and angles can be easily adjusted, AI empowers businesses to create a vast array of product images quickly and efficiently.</p>\r\n\r\n<p>This not only saves time and resources but also allows for the rapid generation of product variations, making it easier to A/B test different visual styles and presentations to optimize conversion rates.</p>", "time_to_read": "10 min", "featured_image": "posts/Projekt-bez-nazwy--2-.jpg", "author": 7, "published_date": "2023-10-04", "is_draft": false, "is_deleted": false, "categories": [4, 10, 12, 16]}}, {"model": "posts.post", "pk": 34, "fields": {"title": "Elevating E-commerce Success with AI-Powered Image Enhancement", "short_description": "Forecasting an astonishing investment of over $8 billion in AI for e-commerce by 2024, we witness a paradigm shift in market trends and functionality.", "description": "<p>The world of e-commerce is undergoing a transformative revolution led by artificial intelligence (AI). The statistics presented here offer a glimpse into the profound impact of AI on e-commerce, showcasing its potential to reshape traditional shopping experiences and drive unprecedented business growth and efficiency.</p>\r\n\r\n<p>customer interactions to revenue generation, AI is paving the way for a new era in e-commerce. Let&#39;s explore the fascinating realm of AI in e-commerce statistics that highlight the immense potential of this powerful technology.</p>\r\n\r\n<h2>AI&#39;s Billion-Dollar Commitment</h2>\r\n\r\n<p>Forecasting an astonishing investment of over $8 billion in AI for e-commerce by 2024, we witness a paradigm shift in market trends and functionality. This colossal figure not only underscores the growing importance of technology in modern business but also signifies a remarkable trust in AI to streamline e-commerce operations, enhance customer experiences, and boost revenues.</p>\r\n\r\n<p>It sets the stage for a technological revolution that demands our attention and underscores the pivotal role AI will play in shaping the future of e-commerce.</p>", "time_to_read": "10 min", "featured_image": "posts/photo-1530914547840-346c183410de.jpeg", "author": 3, "published_date": "2023-10-04", "is_draft": false, "is_deleted": false, "categories": [6, 12, 21, 22]}}, {"model": "posts.post", "pk": 35, "fields": {"title": "Personalized Recommendations - A Revenue Goldmine", "short_description": "Personalized recommendations, driven by AI, contribute to a staggering 30% of e-commerce site revenues. This statistic from Barilliance reveals the untapped potential of AI in enhancing revenue streams.", "description": "<h2>Personalized Recommendations - A Revenue Goldmine</h2>\r\n\r\n<p>Personalized recommendations, driven by AI, contribute to a staggering 30% of e-commerce site revenues. This statistic from Barilliance reveals the untapped potential of AI in enhancing revenue streams.</p>\r\n\r\n<p>By delivering tailored shopping experiences, AI engages consumers and drives substantial financial rewards. It showcases AI&#39;s transformative power in revitalizing traditional e-commerce strategies and creating a win-win situation for businesses and consumers alike.</p>\r\n\r\n<p>&nbsp;</p>\r\n\r\n<p>Photo by&nbsp;<a href=\"https://unsplash.com/@austindistel?utm_source=ghost&amp;utm_medium=referral&amp;utm_campaign=api-credit\">Austin Distel</a>&nbsp;/&nbsp;<a href=\"https://unsplash.com/?utm_source=ghost&amp;utm_medium=referral&amp;utm_campaign=api-credit\">Unsplash</a></p>\r\n\r\n<h2>The Rapid Adoption of AI</h2>\r\n\r\n<p>Approximately 28% of top-tier e-commerce companies have already implemented AI and machine learning platforms, as revealed by Absolunet. This statistic reflects the growing acceptance of these technologies in the competitive online retail market.</p>\r\n\r\n<p>It signifies a significant leap toward efficiency, precision, and personalization that AI and machine learning offer. It serves as a signpost of the paradigm shift underway in online trade, influencing other companies to join the AI race and shape the future of e-commerce.</p>\r\n\r\n<p>The statistics presented here paint a vivid picture of AI&#39;s profound influence on the e-commerce landscape. From massive investments to automated customer interactions, revenue growth, and personalization, AI is the driving force behind the future of online shopping.</p>\r\n\r\n<h2>Conclusion</h2>\r\n\r\n<p>As we look ahead, it&#39;s clear that AI is not just a trend; it&#39;s an essential tool that businesses must embrace to stay competitive and thrive in the ever-evolving world of e-commerce. The numbers speak for themselves, and they herald a future where AI and e-commerce are inseparable partners in delivering exceptional customer experiences and driving business success.</p>\r\n\r\n<p>Embracing AI is not a choice but a necessity for e-commerce businesses that aim to lead the way in this digital revolution</p>", "time_to_read": "14 min", "featured_image": "posts/photo-1568952433726-3896e3881c65.jpeg", "author": 1, "published_date": "2023-10-04", "is_draft": false, "is_deleted": false, "categories": [4, 6, 7, 16]}}, {"model": "posts.post", "pk": 36, "fields": {"title": "Google's SynthID Watermarking Tool: A Powerful Defense Against AI-Generated Image Misinformation", "short_description": "Traditionally, AI-generated images, popularly known as deepfakes, were marked with visible logos or text metadata to indicate their origin", "description": "<h2>Revolutionizing Image Authentication</h2>\r\n\r\n<p>Traditionally, AI-generated images, popularly known as deepfakes, were marked with visible logos or text metadata to indicate their origin.</p>\r\n\r\n<p>Unfortunately, these markings were easy to remove or edit out, rendering them ineffective in combating misinformation. Google&#39;s SynthID addresses this vulnerability by embedding an undetectable watermark, offering a formidable defense against image manipulation.</p>\r\n\r\n<h2>SynthID&#39;s Limited Availability and Future Aspirations</h2>\r\n\r\n<p>However, it&#39;s important to note that SynthID&#39;s current functionality is limited. It is available exclusively to select paying customers of Google&#39;s cloud computing services, and it is not mandatory for users to adopt it, as Google considers it an experimental tool.</p>\r\n\r\n<p>The long-term objective is to establish a system where the majority of AI-generated images can be readily identified through embedded watermarks.</p>\r\n\r\n<p>&nbsp;</p>\r\n\r\n<p>Source: https://www.slashgear.com/1379502/google-ai-watermark-synthid/</p>\r\n\r\n<h2>Deepfake Concerns - A Threat to Truth and Unity</h2>\r\n\r\n<p>The rapid advancement of deepfake technology has ignited concerns among politicians, researchers, and journalists, as it blurs the lines between reality and falsehood in the online realm. This trend can exacerbate existing political divisions and hinder the dissemination of accurate information.</p>\r\n\r\n<p>Watermarking technology is a key strategy that tech companies are embracing to address this challenge, with Microsoft even forming a coalition to develop a standardized approach for watermarking AI-generated images.</p>", "time_to_read": "14 min", "featured_image": "posts/photo-1518186285589-2f7649de83e0.jpeg", "author": 6, "published_date": "2023-10-04", "is_draft": false, "is_deleted": false, "categories": [6, 10, 11, 16, 30]}}, {"model": "posts.post", "pk": 37, "fields": {"title": "Deepfake Concerns - A Threat to Truth and Unity", "short_description": "The rapid advancement of deepfake technology has ignited concerns among politicians, researchers, and journalists, as it blurs the lines between reality and falsehood in the online realm.", "description": "<p>The rapid advancement of deepfake technology has ignited concerns among politicians, researchers, and journalists, as it blurs the lines between reality and falsehood in the online realm. This trend can exacerbate existing political divisions and hinder the dissemination of accurate information.</p>\r\n\r\n<p>Watermarking technology is a key strategy that tech companies are embracing to address this challenge, with Microsoft even forming a coalition to develop a standardized approach for watermarking AI-generated images.</p>\r\n\r\n<h2>Conclusion</h2>\r\n\r\n<p>Google&#39;s SynthID watermarking tool marks a significant milestone in the quest to regulate AI-generated images and counter the spread of disinformation.</p>\r\n\r\n<p>However, this journey necessitates continued research and collaboration among tech companies, media entities, and social media platforms. As AI technology evolves, the battle against fake images must also evolve to safeguard the integrity of online content.</p>", "time_to_read": "5 min", "featured_image": "posts/image-3.png", "author": 5, "published_date": "2023-10-04", "is_draft": false, "is_deleted": false, "categories": [1, 4, 6, 10]}}, {"model": "posts.post", "pk": 38, "fields": {"title": "The Impact of AI on the Print Industry - A Revolution in the Making", "short_description": "Artificial Intelligence (AI) has rapidly transformed various industries, and the print industry is no exception. The influence of AI on the print sector has been profound, revolutionizing traditional practices and bringing innovative solutions to the forefront.", "description": "<p>Artificial Intelligence (AI) has rapidly transformed various industries, and the print industry is no exception. The influence of AI on the print sector has been profound, revolutionizing traditional practices and bringing innovative solutions to the forefront.</p>\r\n\r\n<p>In this article, we will explore the key ways in which AI is reshaping the print industry and driving it towards greater efficiency, personalization, and competitiveness.</p>\r\n\r\n<h2>The IOP Bootcamp - Exploring AI&#39;s Potential</h2>\r\n\r\n<p>Recently, the Initiative Online Print (IOP) conducted its first AI bootcamp, shedding light on the practical applications of AI in the online print industry. Participants explored the ways in which AI tools like ChatGPT and Midjourney could be profitably utilized.</p>\r\n\r\n<p>The bootcamp revealed that AI offers numerous opportunities for optimizing production processes, personalizing customer experiences, and enhancing competitiveness in the dynamic online print market.</p>\r\n\r\n<p>Bernd Zipper, the Board Chairman of IOP, emphasized the importance of embracing AI opportunities now to stay ahead of new developments. However, he also highlighted the need for increased research efforts in the field.</p>\r\n\r\n<p>&nbsp;</p>\r\n\r\n<p>Source: https://whattheythink.com/news/116082-initiative-online-print-how-print-benefits-artificial-intelligence/</p>\r\n\r\n<h2>Print and AI - A Constructive Partnership</h2>\r\n\r\n<p>The bootcamp participants discovered that print and artificial intelligence can complement each other constructively. In production workflows, AI introduces a new dimension of automation, simplifying even complex tasks. Production planning, processes, and logistics can be optimized, leading to higher energy efficiency and the utilization of additional capacities.</p>\r\n\r\n<h2>AI-Powered Automation</h2>\r\n\r\n<p>One of the most significant impacts of AI in the print industry is the enhanced automation it offers. AI-powered technologies streamline print processes, reducing the need for manual labor and significantly improving overall efficiency.</p>\r\n\r\n<p>Tasks such as prepress, file analysis, color correction, image enhancement, and quality control can now be automated with the help of AI. This not only reduces turnaround time but also minimizes errors, ensuring a smoother production process.</p>\r\n\r\n<h2>Workflow Automation</h2>\r\n\r\n<p>AI can automate various aspects of print workflows, including order management, job routing, and scheduling. By integrating AI into print management software, tasks such as estimating, quoting, and job tracking can be automated, reducing manual labor and saving time.</p>", "time_to_read": "18 min", "featured_image": "posts/image-2.png", "author": 6, "published_date": "2023-10-04", "is_draft": false, "is_deleted": false, "categories": [4, 24, 25, 26, 27]}}]
